timestamp,modelName,count
2025-04-28 00:00:00,iPhone 13,128314
2025-04-28 00:00:00,iPhone 11,83299
2025-04-28 00:00:00,iPhone 15,79017
2025-04-28 00:00:00,iPhone 15 Pro Max,78489
2025-04-28 00:00:00,iPhone 14,77325
2025-04-28 00:00:00,iPhone 15 Pro,77207
2025-04-28 00:00:00,iPhone 16 Pro,63643
2025-04-28 00:00:00,iPhone 12,63294
2025-04-28 00:00:00,iPhone 14 Pro,62212
2025-04-28 00:00:00,iPhone 16 Pro Max,57854
2025-05-05 00:00:00,iPhone 13,191670
2025-05-05 00:00:00,iPhone 11,124432
2025-05-05 00:00:00,iPhone 15,117985
2025-05-05 00:00:00,iPhone 15 Pro Max,117137
2025-05-05 00:00:00,iPhone 14,116334
2025-05-05 00:00:00,iPhone 15 Pro,114987
2025-05-05 00:00:00,iPhone 12,95005
2025-05-05 00:00:00,iPhone 16 Pro,94633
2025-05-05 00:00:00,iPhone 14 Pro,91711
2025-05-05 00:00:00,iPhone 16 Pro Max,87236
2025-05-12 00:00:00,iPhone 13,194633
2025-05-12 00:00:00,iPhone 11,123477
2025-05-12 00:00:00,iPhone 15,119592
2025-05-12 00:00:00,iPhone 14,117804
2025-05-12 00:00:00,iPhone 15 Pro Max,116829
2025-05-12 00:00:00,iPhone 15 Pro,114552
2025-05-12 00:00:00,iPhone 16 Pro,96675
2025-05-12 00:00:00,iPhone 12,94297
2025-05-12 00:00:00,iPhone 14 Pro,92359
2025-05-12 00:00:00,iPhone 16 Pro Max,90177
2025-05-19 00:00:00,iPhone 13,194086
2025-05-19 00:00:00,iPhone 15,122411
2025-05-19 00:00:00,iPhone 11,122237
2025-05-19 00:00:00,iPhone 14,117352
2025-05-19 00:00:00,iPhone 15 Pro Max,116211
2025-05-19 00:00:00,iPhone 15 Pro,114751
2025-05-19 00:00:00,iPhone 16 Pro,99235
2025-05-19 00:00:00,iPhone 12,94448
2025-05-19 00:00:00,iPhone 14 Pro,92542
2025-05-19 00:00:00,iPhone 16 Pro Max,90214
2025-05-26 00:00:00,iPhone 13,199669
2025-05-26 00:00:00,iPhone 15,126556
2025-05-26 00:00:00,iPhone 11,123944
2025-05-26 00:00:00,iPhone 14,122664
2025-05-26 00:00:00,iPhone 15 Pro Max,119456
2025-05-26 00:00:00,iPhone 15 Pro,117355
2025-05-26 00:00:00,iPhone 16 Pro,103762
2025-05-26 00:00:00,iPhone 14 Pro,95473
2025-05-26 00:00:00,iPhone 16 Pro Max,95190
2025-05-26 00:00:00,iPhone 12,94280
2025-06-02 00:00:00,iPhone 13,196380
2025-06-02 00:00:00,iPhone 15,126394
2025-06-02 00:00:00,iPhone 11,121365
2025-06-02 00:00:00,iPhone 14,121314
2025-06-02 00:00:00,iPhone 15 Pro Max,120546
2025-06-02 00:00:00,iPhone 15 Pro,117995
2025-06-02 00:00:00,iPhone 16 Pro,106821
2025-06-02 00:00:00,iPhone 16 Pro Max,98863
2025-06-02 00:00:00,iPhone 14 Pro,94369
2025-06-02 00:00:00,iPhone 12,93907
2025-06-09 00:00:00,iPhone 13,183934
2025-06-09 00:00:00,iPhone 15,118737
2025-06-09 00:00:00,iPhone 14,113517
2025-06-09 00:00:00,iPhone 15 Pro Max,112905
2025-06-09 00:00:00,iPhone 11,111437
2025-06-09 00:00:00,iPhone 15 Pro,110563
2025-06-09 00:00:00,iPhone 16 Pro,103790
2025-06-09 00:00:00,iPhone 16 Pro Max,94871
2025-06-09 00:00:00,iPhone 14 Pro,91842
2025-06-09 00:00:00,iPhone 12,87002
2025-06-16 00:00:00,iPhone 13,191308
2025-06-16 00:00:00,iPhone 15,124299
2025-06-16 00:00:00,iPhone 14,118200
2025-06-16 00:00:00,iPhone 15 Pro Max,116682
2025-06-16 00:00:00,iPhone 11,115453
2025-06-16 00:00:00,iPhone 15 Pro,114788
2025-06-16 00:00:00,iPhone 16 Pro,109475
2025-06-16 00:00:00,iPhone 16 Pro Max,98575
2025-06-16 00:00:00,iPhone 14 Pro,94303
2025-06-16 00:00:00,iPhone 12,90521
2025-06-23 00:00:00,iPhone 13,200221
2025-06-23 00:00:00,iPhone 15,128468
2025-06-23 00:00:00,iPhone 14,123879
2025-06-23 00:00:00,iPhone 15 Pro Max,120710
2025-06-23 00:00:00,iPhone 11,118738
2025-06-23 00:00:00,iPhone 15 Pro,118448
2025-06-23 00:00:00,iPhone 16 Pro,114596
2025-06-23 00:00:00,iPhone 16 Pro Max,101858
2025-06-23 00:00:00,iPhone 14 Pro,97110
2025-06-23 00:00:00,iPhone 12,93989
2025-06-30 00:00:00,iPhone 13,204867
2025-06-30 00:00:00,iPhone 15,132732
2025-06-30 00:00:00,iPhone 14,126050
2025-06-30 00:00:00,iPhone 15 Pro Max,123388
2025-06-30 00:00:00,iPhone 15 Pro,122089
2025-06-30 00:00:00,iPhone 11,120217
2025-06-30 00:00:00,iPhone 16 Pro,119678
2025-06-30 00:00:00,iPhone 16 Pro Max,107328
2025-06-30 00:00:00,iPhone 14 Pro,97301
2025-06-30 00:00:00,iPhone 12,94933
2025-07-07 00:00:00,iPhone 13,203211
2025-07-07 00:00:00,iPhone 15,131300
2025-07-07 00:00:00,iPhone 14,125036
2025-07-07 00:00:00,iPhone 15 Pro Max,122138
2025-07-07 00:00:00,iPhone 16 Pro,120221
2025-07-07 00:00:00,iPhone 15 Pro,119494
2025-07-07 00:00:00,iPhone 11,118365
2025-07-07 00:00:00,iPhone 16 Pro Max,106545
2025-07-07 00:00:00,iPhone 14 Pro,97586
2025-07-07 00:00:00,iPhone 12,93885
2025-07-14 00:00:00,iPhone 13,204970
2025-07-14 00:00:00,iPhone 15,134057
2025-07-14 00:00:00,iPhone 14,127163
2025-07-14 00:00:00,iPhone 16 Pro,124677
2025-07-14 00:00:00,iPhone 15 Pro Max,123214
2025-07-14 00:00:00,iPhone 15 Pro,122460
2025-07-14 00:00:00,iPhone 11,118224
2025-07-14 00:00:00,iPhone 16 Pro Max,107832
2025-07-14 00:00:00,iPhone 14 Pro,97856
2025-07-14 00:00:00,iPhone 12,93588
2025-07-21 00:00:00,iPhone 13,205053
2025-07-21 00:00:00,iPhone 15,133940
2025-07-21 00:00:00,iPhone 14,126976
2025-07-21 00:00:00,iPhone 16 Pro,125796
2025-07-21 00:00:00,iPhone 15 Pro Max,124758
2025-07-21 00:00:00,iPhone 15 Pro,121455
2025-07-21 00:00:00,iPhone 11,119080
2025-07-21 00:00:00,iPhone 16 Pro Max,111299
2025-07-21 00:00:00,iPhone 14 Pro,97584
2025-07-21 00:00:00,iPhone 12,94176
2025-07-28 00:00:00,iPhone 13,208757
2025-07-28 00:00:00,iPhone 15,136825
2025-07-28 00:00:00,iPhone 16 Pro,130156
2025-07-28 00:00:00,iPhone 14,129834
2025-07-28 00:00:00,iPhone 15 Pro Max,127723
2025-07-28 00:00:00,iPhone 15 Pro,123409
2025-07-28 00:00:00,iPhone 11,122117
2025-07-28 00:00:00,iPhone 16 Pro Max,114055
2025-07-28 00:00:00,iPhone 14 Pro,99447
2025-07-28 00:00:00,iPhone 12,96019
2025-08-04 00:00:00,iPhone 13,207597
2025-08-04 00:00:00,iPhone 15,138326
2025-08-04 00:00:00,iPhone 16 Pro,131416
2025-08-04 00:00:00,iPhone 14,128145
2025-08-04 00:00:00,iPhone 15 Pro Max,126059
2025-08-04 00:00:00,iPhone 15 Pro,123568
2025-08-04 00:00:00,iPhone 11,118564
2025-08-04 00:00:00,iPhone 16 Pro Max,115256
2025-08-04 00:00:00,iPhone 14 Pro,97300
2025-08-04 00:00:00,iPhone 12,94135
2025-08-11 00:00:00,iPhone 13,202848
2025-08-11 00:00:00,iPhone 15,136310
2025-08-11 00:00:00,iPhone 16 Pro,132305
2025-08-11 00:00:00,iPhone 14,126609
2025-08-11 00:00:00,iPhone 15 Pro Max,125637
2025-08-11 00:00:00,iPhone 15 Pro,122792
2025-08-11 00:00:00,iPhone 16 Pro Max,118042
2025-08-11 00:00:00,iPhone 11,115105
2025-08-11 00:00:00,iPhone 14 Pro,96381
2025-08-11 00:00:00,iPhone 12,92492
2025-08-18 00:00:00,iPhone 13,205325
2025-08-18 00:00:00,iPhone 15,138439
2025-08-18 00:00:00,iPhone 16 Pro,132613
2025-08-18 00:00:00,iPhone 14,126246
2025-08-18 00:00:00,iPhone 15 Pro Max,122815
2025-08-18 00:00:00,iPhone 15 Pro,121365
2025-08-18 00:00:00,iPhone 16 Pro Max,116636
2025-08-18 00:00:00,iPhone 11,116044
2025-08-18 00:00:00,iPhone 14 Pro,97027
2025-08-18 00:00:00,iPhone 12,92610
2025-08-25 00:00:00,iPhone 13,205222
2025-08-25 00:00:00,iPhone 15,139456
2025-08-25 00:00:00,iPhone 16 Pro,135787
2025-08-25 00:00:00,iPhone 14,127654
2025-08-25 00:00:00,iPhone 15 Pro Max,124106
2025-08-25 00:00:00,iPhone 15 Pro,122965
2025-08-25 00:00:00,iPhone 16 Pro Max,119812
2025-08-25 00:00:00,iPhone 11,117266
2025-08-25 00:00:00,iPhone 14 Pro,97054
2025-08-25 00:00:00,iPhone 12,92743
2025-09-01 00:00:00,iPhone 13,210523
2025-09-01 00:00:00,iPhone 15,143885
2025-09-01 00:00:00,iPhone 16 Pro,137307
2025-09-01 00:00:00,iPhone 14,131243
2025-09-01 00:00:00,iPhone 15 Pro,126243
2025-09-01 00:00:00,iPhone 15 Pro Max,126042
2025-09-01 00:00:00,iPhone 16 Pro Max,120931
2025-09-01 00:00:00,iPhone 11,117162
2025-09-01 00:00:00,iPhone 14 Pro,98573
2025-09-01 00:00:00,iPhone 12,94627
2025-09-08 00:00:00,iPhone 13,203159
2025-09-08 00:00:00,iPhone 15,139222
2025-09-08 00:00:00,iPhone 16 Pro,136661
2025-09-08 00:00:00,iPhone 14,125497
2025-09-08 00:00:00,iPhone 15 Pro Max,125050
2025-09-08 00:00:00,iPhone 15 Pro,123859
2025-09-08 00:00:00,iPhone 16 Pro Max,121923
2025-09-08 00:00:00,iPhone 11,113964
2025-09-08 00:00:00,iPhone 14 Pro,98185
2025-09-08 00:00:00,iPhone 12,90835
2025-09-15 00:00:00,iPhone 13,212917
2025-09-15 00:00:00,iPhone 16 Pro,153984
2025-09-15 00:00:00,iPhone 15,150976
2025-09-15 00:00:00,iPhone 16 Pro Max,142635
2025-09-15 00:00:00,iPhone 15 Pro Max,141655
2025-09-15 00:00:00,iPhone 15 Pro,137860
2025-09-15 00:00:00,iPhone 14,133106
2025-09-15 00:00:00,iPhone 11,119392
2025-09-15 00:00:00,iPhone 14 Pro,105987
2025-09-15 00:00:00,iPhone 16,96508
2025-09-22 00:00:00,iPhone 13,200643
2025-09-22 00:00:00,iPhone 15,142020
2025-09-22 00:00:00,iPhone 16 Pro,139790
2025-09-22 00:00:00,iPhone 14,127339
2025-09-22 00:00:00,iPhone 15 Pro Max,126335
2025-09-22 00:00:00,iPhone 16 Pro Max,125146
2025-09-22 00:00:00,iPhone 15 Pro,123733
2025-09-22 00:00:00,iPhone 11,112885
2025-09-22 00:00:00,iPhone 14 Pro,97454
2025-09-22 00:00:00,iPhone 16,92953
2025-09-29 00:00:00,iPhone 13,203217
2025-09-29 00:00:00,iPhone 15,140933
2025-09-29 00:00:00,iPhone 16 Pro,140117
2025-09-29 00:00:00,iPhone 14,128036
2025-09-29 00:00:00,iPhone 15 Pro Max,124490
2025-09-29 00:00:00,iPhone 15 Pro,122134
2025-09-29 00:00:00,iPhone 16 Pro Max,121392
2025-09-29 00:00:00,iPhone 11,110825
2025-09-29 00:00:00,iPhone 14 Pro,95888
2025-09-29 00:00:00,iPhone 16,93528
2025-10-06 00:00:00,iPhone 13,198156
2025-10-06 00:00:00,iPhone 15,138939
2025-10-06 00:00:00,iPhone 16 Pro,136287
2025-10-06 00:00:00,iPhone 14,125092
2025-10-06 00:00:00,iPhone 15 Pro Max,119638
2025-10-06 00:00:00,iPhone 16 Pro Max,119096
2025-10-06 00:00:00,iPhone 15 Pro,118777
2025-10-06 00:00:00,iPhone 11,108364
2025-10-06 00:00:00,iPhone 14 Pro,92925
2025-10-06 00:00:00,iPhone 16,92703
2025-10-13 00:00:00,iPhone 13,200677
2025-10-13 00:00:00,iPhone 15,139983
2025-10-13 00:00:00,iPhone 16 Pro,136411
2025-10-13 00:00:00,iPhone 14,125954
2025-10-13 00:00:00,iPhone 15 Pro,118645
2025-10-13 00:00:00,iPhone 15 Pro Max,117591
2025-10-13 00:00:00,iPhone 16 Pro Max,117413
2025-10-13 00:00:00,iPhone 11,108691
2025-10-13 00:00:00,iPhone 16,93642
2025-10-13 00:00:00,iPhone 14 Pro,91913
2025-10-20 00:00:00,iPhone 13,200784
2025-10-20 00:00:00,iPhone 15,142360
2025-10-20 00:00:00,iPhone 16 Pro,137306
2025-10-20 00:00:00,iPhone 14,126934
2025-10-20 00:00:00,iPhone 15 Pro,119082
2025-10-20 00:00:00,iPhone 16 Pro Max,117907
2025-10-20 00:00:00,iPhone 15 Pro Max,116599
2025-10-20 00:00:00,iPhone 11,109600
2025-10-20 00:00:00,iPhone 16,96020
2025-10-20 00:00:00,iPhone 14 Pro,92007
2025-10-27 00:00:00,iPhone 13,197682
2025-10-27 00:00:00,iPhone 15,141933
2025-10-27 00:00:00,iPhone 16 Pro,136178
2025-10-27 00:00:00,iPhone 14,124911
2025-10-27 00:00:00,iPhone 16 Pro Max,117382
2025-10-27 00:00:00,iPhone 15 Pro,116927
2025-10-27 00:00:00,iPhone 15 Pro Max,114140
2025-10-27 00:00:00,iPhone 11,107694
2025-10-27 00:00:00,iPhone 16,95672
2025-10-27 00:00:00,iPhone 14 Pro,90467
2025-11-03 00:00:00,iPhone 13,199354
2025-11-03 00:00:00,iPhone 15,142546
2025-11-03 00:00:00,iPhone 16 Pro,137708
2025-11-03 00:00:00,iPhone 14,127389
2025-11-03 00:00:00,iPhone 15 Pro,118180
2025-11-03 00:00:00,iPhone 16 Pro Max,118100
2025-11-03 00:00:00,iPhone 15 Pro Max,115224
2025-11-03 00:00:00,iPhone 11,108538
2025-11-03 00:00:00,iPhone 16,98700
2025-11-03 00:00:00,iPhone 14 Pro,91199
2025-11-10 00:00:00,iPhone 13,194988
2025-11-10 00:00:00,iPhone 15,141629
2025-11-10 00:00:00,iPhone 16 Pro,133707
2025-11-10 00:00:00,iPhone 14,122834
2025-11-10 00:00:00,iPhone 15 Pro,113989
2025-11-10 00:00:00,iPhone 16 Pro Max,112716
2025-11-10 00:00:00,iPhone 15 Pro Max,111167
2025-11-10 00:00:00,iPhone 11,104037
2025-11-10 00:00:00,iPhone 16,96351
2025-11-10 00:00:00,iPhone 14 Pro,88227
2025-11-17 00:00:00,iPhone 13,192267
2025-11-17 00:00:00,iPhone 15,139100
2025-11-17 00:00:00,iPhone 16 Pro,131956
2025-11-17 00:00:00,iPhone 14,120613
2025-11-17 00:00:00,iPhone 16 Pro Max,113167
2025-11-17 00:00:00,iPhone 15 Pro,112924
2025-11-17 00:00:00,iPhone 15 Pro Max,109980
2025-11-17 00:00:00,iPhone 11,100498
2025-11-17 00:00:00,iPhone 16,95605
2025-11-17 00:00:00,iPhone 14 Pro,87240
2025-11-24 00:00:00,iPhone 13,188013
2025-11-24 00:00:00,iPhone 15,137738
2025-11-24 00:00:00,iPhone 16 Pro,129054
2025-11-24 00:00:00,iPhone 14,119214
2025-11-24 00:00:00,iPhone 15 Pro,111951
2025-11-24 00:00:00,iPhone 16 Pro Max,109377
2025-11-24 00:00:00,iPhone 15 Pro Max,107287
2025-11-24 00:00:00,iPhone 11,99736
2025-11-24 00:00:00,iPhone 16,97118
2025-11-24 00:00:00,iPhone 14 Pro,84870
2025-12-01 00:00:00,iPhone 13,192172
2025-12-01 00:00:00,iPhone 15,140573
2025-12-01 00:00:00,iPhone 16 Pro,135905
2025-12-01 00:00:00,iPhone 14,120174
2025-12-01 00:00:00,iPhone 15 Pro,114040
2025-12-01 00:00:00,iPhone 16 Pro Max,113612
2025-12-01 00:00:00,iPhone 15 Pro Max,110999
2025-12-01 00:00:00,iPhone 11,99177
2025-12-01 00:00:00,iPhone 16,98961
2025-12-01 00:00:00,iPhone 14 Pro,88029
2025-12-08 00:00:00,iPhone 13,199370
2025-12-08 00:00:00,iPhone 15,146832
2025-12-08 00:00:00,iPhone 16 Pro,139955
2025-12-08 00:00:00,iPhone 14,125973
2025-12-08 00:00:00,iPhone 15 Pro,117023
2025-12-08 00:00:00,iPhone 16 Pro Max,116568
2025-12-08 00:00:00,iPhone 15 Pro Max,112362
2025-12-08 00:00:00,iPhone 16,105513
2025-12-08 00:00:00,iPhone 11,101902
2025-12-08 00:00:00,iPhone 14 Pro,89570
2025-12-15 00:00:00,iPhone 13,192982
2025-12-15 00:00:00,iPhone 15,145245
2025-12-15 00:00:00,iPhone 16 Pro,139946
2025-12-15 00:00:00,iPhone 14,122976
2025-12-15 00:00:00,iPhone 15 Pro,117417
2025-12-15 00:00:00,iPhone 16 Pro Max,113750
2025-12-15 00:00:00,iPhone 15 Pro Max,110555
2025-12-15 00:00:00,iPhone 16,105297
2025-12-15 00:00:00,iPhone 11,97692
2025-12-15 00:00:00,iPhone 14 Pro,88177
2025-12-22 00:00:00,iPhone 13,180454
2025-12-22 00:00:00,iPhone 15,135586
2025-12-22 00:00:00,iPhone 16 Pro,129987
2025-12-22 00:00:00,iPhone 14,116279
2025-12-22 00:00:00,iPhone 15 Pro,109397
2025-12-22 00:00:00,iPhone 16 Pro Max,108669
2025-12-22 00:00:00,iPhone 15 Pro Max,105351
2025-12-22 00:00:00,iPhone 16,99991
2025-12-22 00:00:00,iPhone 11,90027
2025-12-22 00:00:00,iPhone 14 Pro,81064
2025-12-29 00:00:00,iPhone 13,194055
2025-12-29 00:00:00,iPhone 15,148695
2025-12-29 00:00:00,iPhone 16 Pro,142985
2025-12-29 00:00:00,iPhone 14,126922
2025-12-29 00:00:00,iPhone 16 Pro Max,117210
2025-12-29 00:00:00,iPhone 15 Pro,116635
2025-12-29 00:00:00,iPhone 15 Pro Max,111694
2025-12-29 00:00:00,iPhone 16,110695
2025-12-29 00:00:00,iPhone 11,96190
2025-12-29 00:00:00,iPhone 14 Pro,88913
2026-01-05 00:00:00,iPhone 13,195830
2026-01-05 00:00:00,iPhone 15,151558
2026-01-05 00:00:00,iPhone 16 Pro,144061
2026-01-05 00:00:00,iPhone 14,128445
2026-01-05 00:00:00,iPhone 15 Pro,119204
2026-01-05 00:00:00,iPhone 16 Pro Max,118689
2026-01-05 00:00:00,iPhone 16,113862
2026-01-05 00:00:00,iPhone 15 Pro Max,113085
2026-01-05 00:00:00,iPhone 11,97507
2026-01-05 00:00:00,iPhone 14 Pro,89385
2026-01-12 00:00:00,iPhone 13,194276
2026-01-12 00:00:00,iPhone 15,149652
2026-01-12 00:00:00,iPhone 16 Pro,141668
2026-01-12 00:00:00,iPhone 14,126188
2026-01-12 00:00:00,iPhone 16 Pro Max,118596
2026-01-12 00:00:00,iPhone 15 Pro,117275
2026-01-12 00:00:00,iPhone 16,111762
2026-01-12 00:00:00,iPhone 15 Pro Max,111158
2026-01-12 00:00:00,iPhone 11,94130
2026-01-12 00:00:00,iPhone 14 Pro,87585
2026-01-19 00:00:00,iPhone 13,187196
2026-01-19 00:00:00,iPhone 15,145739
2026-01-19 00:00:00,iPhone 16 Pro,137637
2026-01-19 00:00:00,iPhone 14,122736
2026-01-19 00:00:00,iPhone 16 Pro Max,114068
2026-01-19 00:00:00,iPhone 15 Pro,113134
2026-01-19 00:00:00,iPhone 16,109089
2026-01-19 00:00:00,iPhone 15 Pro Max,108592
2026-01-19 00:00:00,iPhone 11,92570
2026-01-19 00:00:00,iPhone 14 Pro,85545
2026-01-26 00:00:00,iPhone 13,182043
2026-01-26 00:00:00,iPhone 15,141711
2026-01-26 00:00:00,iPhone 16 Pro,137612
2026-01-26 00:00:00,iPhone 14,119502
2026-01-26 00:00:00,iPhone 16 Pro Max,113271
2026-01-26 00:00:00,iPhone 15 Pro,111786
2026-01-26 00:00:00,iPhone 15 Pro Max,108522
2026-01-26 00:00:00,iPhone 16,107499
2026-01-26 00:00:00,iPhone 11,88829
2026-01-26 00:00:00,iPhone 14 Pro,83809
2026-02-02 00:00:00,iPhone 13,171572
2026-02-02 00:00:00,iPhone 15,134566
2026-02-02 00:00:00,iPhone 16 Pro,128144
2026-02-02 00:00:00,iPhone 14,111880
2026-02-02 00:00:00,iPhone 16 Pro Max,107003
2026-02-02 00:00:00,iPhone 15 Pro,105807
2026-02-02 00:00:00,iPhone 16,100721
2026-02-02 00:00:00,iPhone 15 Pro Max,99920
2026-02-02 00:00:00,iPhone 11,82642
2026-02-02 00:00:00,iPhone 14 Pro,79051
2026-02-09 00:00:00,iPhone 13,151947
2026-02-09 00:00:00,iPhone 15,117836
2026-02-09 00:00:00,iPhone 16 Pro,116066
2026-02-09 00:00:00,iPhone 14,98427
2026-02-09 00:00:00,iPhone 15 Pro,95706
2026-02-09 00:00:00,iPhone 16 Pro Max,94162
2026-02-09 00:00:00,iPhone 15 Pro Max,90649
2026-02-09 00:00:00,iPhone 16,89513
2026-02-09 00:00:00,iPhone 11,73263
2026-02-09 00:00:00,iPhone 17 Pro,70427
2026-02-16 00:00:00,iPhone 13,144909
2026-02-16 00:00:00,iPhone 15,113444
2026-02-16 00:00:00,iPhone 16 Pro,112830
2026-02-16 00:00:00,iPhone 14,94283
2026-02-16 00:00:00,iPhone 15 Pro,93048
2026-02-16 00:00:00,iPhone 16 Pro Max,91741
2026-02-16 00:00:00,iPhone 15 Pro Max,88083
2026-02-16 00:00:00,iPhone 16,86316
2026-02-16 00:00:00,iPhone 11,71282
2026-02-16 00:00:00,iPhone 17 Pro Max,71083
2026-02-23 00:00:00,iPhone 13,144735
2026-02-23 00:00:00,iPhone 15,115408
2026-02-23 00:00:00,iPhone 16 Pro,114372
2026-02-23 00:00:00,iPhone 16 Pro Max,96540
2026-02-23 00:00:00,iPhone 14,95652
2026-02-23 00:00:00,iPhone 15 Pro,94891
2026-02-23 00:00:00,iPhone 15 Pro Max,91860
2026-02-23 00:00:00,iPhone 16,87615
2026-02-23 00:00:00,iPhone 17 Pro,75222
2026-02-23 00:00:00,iPhone 17 Pro Max,74925
2026-03-02 00:00:00,iPhone 13,141542
2026-03-02 00:00:00,iPhone 15,112643
2026-03-02 00:00:00,iPhone 16 Pro,112288
2026-03-02 00:00:00,iPhone 14,94511
2026-03-02 00:00:00,iPhone 15 Pro,93333
2026-03-02 00:00:00,iPhone 16 Pro Max,91704
2026-03-02 00:00:00,iPhone 16,87467
2026-03-02 00:00:00,iPhone 15 Pro Max,87386
2026-03-02 00:00:00,iPhone 17 Pro Max,74453
2026-03-02 00:00:00,iPhone 17 Pro,74038
2026-03-09 00:00:00,iPhone 13,139594
2026-03-09 00:00:00,iPhone 15,112257
2026-03-09 00:00:00,iPhone 16 Pro,111478
2026-03-09 00:00:00,iPhone 14,92631
2026-03-09 00:00:00,iPhone 15 Pro,91799
2026-03-09 00:00:00,iPhone 16 Pro Max,90746
2026-03-09 00:00:00,iPhone 16,87074
2026-03-09 00:00:00,iPhone 15 Pro Max,85960
2026-03-09 00:00:00,iPhone 17 Pro,75213
2026-03-09 00:00:00,iPhone 17 Pro Max,74424
2026-03-16 00:00:00,iPhone 13,140112
2026-03-16 00:00:00,iPhone 15,115352
2026-03-16 00:00:00,iPhone 16 Pro,111593
2026-03-16 00:00:00,iPhone 14,93393
2026-03-16 00:00:00,iPhone 15 Pro,92891
2026-03-16 00:00:00,iPhone 16 Pro Max,90144
2026-03-16 00:00:00,iPhone 16,87040
2026-03-16 00:00:00,iPhone 15 Pro Max,86599
2026-03-16 00:00:00,iPhone 17 Pro,77612
2026-03-16 00:00:00,iPhone 17 Pro Max,76719
2026-03-23 00:00:00,iPhone 13,139036
2026-03-23 00:00:00,iPhone 15,114487
2026-03-23 00:00:00,iPhone 16 Pro,113385
2026-03-23 00:00:00,iPhone 15 Pro,92784
2026-03-23 00:00:00,iPhone 14,92532
2026-03-23 00:00:00,iPhone 16 Pro Max,91286
2026-03-23 00:00:00,iPhone 15 Pro Max,87441
2026-03-23 00:00:00,iPhone 16,87359
2026-03-23 00:00:00,iPhone 17 Pro,79654
2026-03-23 00:00:00,iPhone 17 Pro Max,78341
2026-03-30 00:00:00,iPhone 13,136781
2026-03-30 00:00:00,iPhone 15,111979
2026-03-30 00:00:00,iPhone 16 Pro,110012
2026-03-30 00:00:00,iPhone 15 Pro,91479
2026-03-30 00:00:00,iPhone 14,90364
2026-03-30 00:00:00,iPhone 16 Pro Max,88896
2026-03-30 00:00:00,iPhone 16,86071
2026-03-30 00:00:00,iPhone 15 Pro Max,83698
2026-03-30 00:00:00,iPhone 17 Pro,79551
2026-03-30 00:00:00,iPhone 17 Pro Max,77671
2026-04-06 00:00:00,iPhone 13,134046
2026-04-06 00:00:00,iPhone 15,109894
2026-04-06 00:00:00,iPhone 16 Pro,109347
2026-04-06 00:00:00,iPhone 15 Pro,90148
2026-04-06 00:00:00,iPhone 14,89434
2026-04-06 00:00:00,iPhone 16 Pro Max,88700
2026-04-06 00:00:00,iPhone 16,86481
2026-04-06 00:00:00,iPhone 15 Pro Max,82959
2026-04-06 00:00:00,iPhone 17 Pro,79335
2026-04-06 00:00:00,iPhone 17 Pro Max,78540
2026-04-13 00:00:00,iPhone 13,132488
2026-04-13 00:00:00,iPhone 15,109167
2026-04-13 00:00:00,iPhone 16 Pro,107182
2026-04-13 00:00:00,iPhone 15 Pro,88471
2026-04-13 00:00:00,iPhone 14,87682
2026-04-13 00:00:00,iPhone 16 Pro Max,86217
2026-04-13 00:00:00,iPhone 16,85215
2026-04-13 00:00:00,iPhone 15 Pro Max,81225
2026-04-13 00:00:00,iPhone 17 Pro,79771
2026-04-13 00:00:00,iPhone 17 Pro Max,78597
2026-04-20 00:00:00,iPhone 13,123031
2026-04-20 00:00:00,iPhone 16 Pro,102175
2026-04-20 00:00:00,iPhone 15,101651
2026-04-20 00:00:00,iPhone 15 Pro,83409
2026-04-20 00:00:00,iPhone 16 Pro Max,83168
2026-04-20 00:00:00,iPhone 14,82764
2026-04-20 00:00:00,iPhone 16,78851
2026-04-20 00:00:00,iPhone 15 Pro Max,77779
2026-04-20 00:00:00,iPhone 17 Pro Max,76803
2026-04-20 00:00:00,iPhone 17 Pro,76275
2026-04-27 00:00:00,iPhone 13,85345
2026-04-27 00:00:00,iPhone 16 Pro,75264
2026-04-27 00:00:00,iPhone 15,72021
2026-04-27 00:00:00,iPhone 16 Pro Max,63894
2026-04-27 00:00:00,iPhone 15 Pro,61492
2026-04-27 00:00:00,iPhone 17 Pro Max,60307
2026-04-27 00:00:00,iPhone 15 Pro Max,58767
2026-04-27 00:00:00,iPhone 14,58330
2026-04-27 00:00:00,iPhone 17 Pro,57400
2026-04-27 00:00:00,iPhone 16,56329
